,p.value_thi,p.value_delj,p.value_aj,corr_thi_to_pred_thi,corr_delj_to_pred_delj,corr_aj_to_pred_aj
0,0.2,0.12,0.11,0.9960486979736676,0.6961172041641795,0.8071571532396069
1,0.571336004933722,0.05390207893129876,0.9084105017744524,0.9918081605151298,0.586581274811793,0.5981298505079251
2,0.9831368772656193,0.21117008625127576,0.024055802841094577,0.996161439574047,0.6048368721685311,0.7305810201998721
