,p.value_thi,p.value_delj,p.value_aj,corr_thi_to_pred_thi,corr_delj_to_pred_delj,corr_aj_to_pred_aj
0,0.15,0.15,0.14,0.993694691297726,0.4865755894996885,0.7219662840275497
1,0.9999923931635496,0.469506448503778,0.469506448503778,0.9956229383428988,0.6189898655011328,0.7457438204120796
2,0.9831368772656193,0.2819416298082479,0.9084105017744525,0.9980007037068095,0.6304031167786974,0.7014199648828697
