,p.value_thi.ks,p.value_delj.ks,p.value_aj.ks,p.value_thi.wilcoxon,p.value_delj.wilcoxon,p.value_aj.wilcoxon,RSE_thi,RSE_delj,RSE_aj,corr_thi_to_pred_thi,corr_delj_to_pred_delj,corr_aj_to_pred_aj
0,0.8319696107963263,0.0037294923618311367,1.7527190839835072e-06,0.6476554870605469,0.26972230853401546,0.00653382133312757,0.06738060668828663,0.6081948950301761,0.5670245369354694,0.9969347392565152,0.6335193983616447,0.7769010643318733
