,p.value_thi.ks,p.value_delj.ks,p.value_aj.ks,p.value_thi.wilcoxon,p.value_delj.wilcoxon,p.value_aj.wilcoxon,RSE_thi,RSE_delj,RSE_aj,corr_thi_to_pred_thi,corr_delj_to_pred_delj,corr_aj_to_pred_aj
0,0.11119526053829192,0.009878183186176536,6.281176788972264e-05,0.24797695110160245,0.6824217651170663,0.008704630134727566,0.10229558942989497,0.48025920825291135,0.5784503711418625,0.9870065774736053,0.7467037718367794,0.7833538816523279
