,p.value_thi.ks,p.value_delj.ks,p.value_aj.ks,p.value_thi.wilcoxon,p.value_delj.wilcoxon,p.value_aj.wilcoxon,RSE_thi,RSE_delj,RSE_aj,corr_thi_to_pred_thi,corr_delj_to_pred_delj,corr_aj_to_pred_aj
0,0.11119526053829192,0.015577131622877688,7.850159128072286e-06,0.1996689993792622,0.5473692910808176,0.005352060464998084,0.12605177048815502,0.49124818103730356,0.7576455379461039,0.9853769662814472,0.7325599104776016,0.5848597051475987
