,p.value_thi.ks,p.value_delj.ks,p.value_aj.ks,p.value_thi.wilcoxon,p.value_delj.wilcoxon,p.value_aj.wilcoxon,RSE_thi,RSE_delj,RSE_aj,corr_thi_to_pred_thi,corr_delj_to_pred_delj,corr_aj_to_pred_aj
0,0.17858668181221732,4.324047665424968e-09,3.922502017067572e-13,0.025434816214666804,0.00041372060586008076,0.000157320432003143,0.06969198570811164,0.6084830825378292,0.48545051104124676,0.997694451484102,0.653528236589585,0.8350768073865781
