,p.value_thi.ks,p.value_delj.ks,p.value_aj.ks,p.value_thi.wilcoxon,p.value_delj.wilcoxon,p.value_aj.wilcoxon,RSE_thi,RSE_delj,RSE_aj,corr_thi_to_pred_thi,corr_delj_to_pred_delj,corr_aj_to_pred_aj
0,0.21117008625127576,0.0037294923618311367,7.850159128072286e-06,0.3187090789328131,0.2727176260813148,0.0004472149047655647,0.09479694284255781,0.6245606784456685,0.856446225043265,0.9925247307680187,0.6185096340761642,0.5319505373158916
