,p.value_thi.ks,p.value_delj.ks,p.value_aj.ks,p.value_thi.wilcoxon,p.value_delj.wilcoxon,p.value_aj.wilcoxon,RSE_thi,RSE_delj,RSE_aj,corr_thi_to_pred_thi,corr_delj_to_pred_delj,corr_aj_to_pred_aj
0,0.36818778606286096,0.0002248739317492479,1.605714367105695e-05,0.03003845217390292,0.013955675735869692,0.00037765161765309854,0.07518210098514813,0.38549457200724613,0.5062162256521395,0.9912987057386551,0.8585317331013395,0.8466436367665231
