,p.value_thi.ks,p.value_delj.ks,p.value_aj.ks,p.value_thi.wilcoxon,p.value_delj.wilcoxon,p.value_aj.wilcoxon,RSE_thi,RSE_delj,RSE_aj,corr_thi_to_pred_thi,corr_delj_to_pred_delj,corr_aj_to_pred_aj
0,0.002219935934558366,0.024055802841094577,0.0007377026282063397,2.780026650061847e-06,0.22354068509721836,0.6084337865773708,0.1386571562270108,0.5684987002448497,0.45795263829951927,0.9886921910178738,0.6681878508128235,0.8177561445399174
