,p.value_thi.ks,p.value_delj.ks,p.value_aj.ks,p.value_thi.wilcoxon,p.value_delj.wilcoxon,p.value_aj.wilcoxon,RSE_thi,RSE_delj,RSE_aj,corr_thi_to_pred_thi,corr_delj_to_pred_delj,corr_aj_to_pred_aj
0,0.8319696107963263,0.002219935934558366,0.0012935059781377376,0.7285060882568359,0.7885535816793301,0.9178441245028052,0.16246750119244674,0.6705779179399598,0.611043820743271,0.9829037478377319,0.5759769471616881,0.7336117373786049
