,p.value_thi.ks,p.value_delj.ks,p.value_aj.ks,p.value_thi.wilcoxon,p.value_delj.wilcoxon,p.value_aj.wilcoxon,RSE_thi,RSE_delj,RSE_aj,corr_thi_to_pred_thi,corr_delj_to_pred_delj,corr_aj_to_pred_aj
0,0.17858668181221732,8.994053173844458e-07,1.0619204030347365e-16,0.19086677662185036,0.9274086822903959,4.894839988910376e-06,0.10121270803064207,0.6313721965079867,0.6509692654462715,0.9938442215370353,0.6116961301666476,0.7368100134645685
