,_difficulties,_discrimination
0,0.017390081059103776,0.11669410793755675
1,0.32779582054019085,2.2899802899264468
2,0.4269596676132839,1.0258805320046698
3,0.6095093316984943,2.1781574490308864
4,0.019259412733864546,0.9313933820321975
5,0.2061647361981052,1.0304209144871685
6,0.06354691625025236,1.962729087585935
7,0.424263595067203,-0.38369174961917984
8,0.41092505444939964,0.5188841010352534
9,0.7565828786974123,-0.08544691492753964
10,0.42948483982621877,2.203993025676028
11,0.971367033314056,0.8707842080986907
12,0.7433896153628884,-0.27796902230039255
13,0.7800797913840349,0.8311889638569834
14,0.2570403231894469,0.09572130844705307
15,0.7393447538306959,1.6533634627779101
16,0.690013270913752,0.04011402984693413
17,0.9237976557313077,1.2850404851846593
18,0.8170825959045906,-0.8501853708818425
19,0.12944670943800485,1.1814447158644725
20,0.8933730481830771,1.8118150776202335
21,0.72468129752814,0.5896926586646258
22,0.7528412423482553,2.821574523749014
23,0.760893405372571,2.8074704748783077
24,0.4280716643814081,1.426117714531943
25,0.35510596830186014,0.37970272967598795
26,0.09599521379762602,1.997503366066228
27,0.38720827514551864,1.0823618158958692
28,0.02999661389435754,-0.3297403474889944
29,0.5866683824911332,0.7674850401613135
30,0.7916987281794791,2.471906429963112
31,0.9949899526607221,1.2159279830770164
32,0.9227262702713545,2.2240077101488733
33,0.6438088909291586,2.0068564356160206
34,0.01163015515418826,1.0975352674303793
35,0.5274907830524931,1.062157814921744
36,0.44683264386741806,0.0014412737172370127
37,0.327167285284779,-0.12280795072947415
38,0.0041466386316702615,1.6291768895420145
39,0.6533046678353387,1.6661206610834653
40,0.11338013778519454,0.1227460022207576
41,0.49525141994043553,1.1394870035773275
42,0.9713538769963216,-1.2657076233255902
43,0.4928262605954646,1.0839865048895674
44,0.19138240011947188,-0.4723417776240664
45,0.30813092969677836,-0.17940518543162298
46,0.3906874734812764,0.1205002475790018
47,0.9744300046989859,0.46899411191264506
48,0.6297948101025923,1.0133752319690845
49,0.48734279298342525,0.5913929760966418
