,_difficulties,_discrimination
0,0.19776693998765393,3.4344727127499106
1,0.9993481710530302,2.4564651336503562
2,0.8153011532036285,0.3467007773848476
3,0.5014275315984945,1.2648988275613264
4,0.16426699705773934,-0.23039594380209838
5,0.48192972133923406,3.6517663692739935
6,0.5670088157028217,1.8411261403767996
7,0.7520442190090019,0.514803483612485
8,0.5868647819813849,-1.4067075417246082
9,0.6829785521777215,1.5375730408632107
10,0.05984496753331586,2.840251513081971
11,0.9094391431548042,0.9196377203613264
12,0.7445262279142906,0.28322427070009526
13,0.038175465815977354,0.9564716638610867
14,0.8350785499786281,0.2573458883630583
15,0.12451041793279412,0.8979994881507162
16,0.7366657965053421,1.4498855129645865
17,0.7981639834703474,-0.6616571052930569
18,0.3025347480850712,-0.12967436392125875
19,0.08948165811433222,-0.7948908913074351
20,0.9825619530444141,1.3076120301971819
21,0.3818505123641144,1.597897293692712
22,0.4947045162085798,0.3883495287426596
23,0.3873501063089152,0.5517170995942803
24,0.9307201340752423,0.6028530717025091
25,0.28882323918878855,1.856485506253852
26,0.02450555467741104,2.8146446010757002
27,0.5422064210444837,0.34547518927351684
28,0.03648365577502613,1.893017429020545
29,0.937089978577408,2.433139655462385
30,0.023357621642838042,0.9665282241128432
31,0.44538118073344707,0.7381700137140763
32,0.8140439846747036,-0.36106008541901535
33,0.4198435442677755,0.7466991444089217
34,0.10458974149403535,1.161408139290984
35,0.43053966652750836,-0.8760176964344317
36,0.13551000758181714,-1.2706185449543224
37,0.11608575351317839,2.136502824124533
38,0.3558219386609096,0.5558806995601685
39,0.11997719838644783,0.09989664031169398
40,0.14763231809763938,1.0728857077604608
41,0.7712581529749503,2.853324841984674
42,0.7678174228985758,1.0552172698923075
43,0.08454846817358404,0.5192903151335215
44,0.03426264740706217,1.339371375885633
45,0.03459200734502024,1.412374462881145
46,0.8269333692326645,2.4017164301135807
47,0.45245954260481325,1.0334297538184452
48,0.04951581297027127,0.8838264182460921
49,0.9606479329598682,1.3453980306143298
