,_difficulties,_discrimination
0,0.5372074213480935,2.3270940522747
1,0.6615668679883312,1.4038366229064434
2,0.021467580822411333,2.5537161556216215
3,0.5559034616417631,1.3678830660036334
4,0.9210015963789062,0.16895096540303378
5,0.5021773879040858,-0.1952246565665714
6,0.5391879549701799,0.38200735796250573
7,0.8983946464629682,1.8795618065562931
8,0.8163509554819183,1.4515505091665006
9,0.31458110336417094,0.3440165051122325
10,0.023153702546568667,0.48551247718248225
11,0.25182592045885765,1.4870221046284744
12,0.2153191748896037,0.8002812295268527
13,0.5410570701772588,0.18891096600664914
14,0.1393647711692945,3.0466014792283147
15,0.36363017598185104,-0.03905176651018638
16,0.5248882233634153,1.2709842596452865
17,0.8342179895106616,1.9905349888414512
18,0.993463491969573,1.9472855362221493
19,0.2338617846914533,1.6250446763738091
20,0.8697559740139683,0.9378596235195892
21,0.3314594904694445,1.6038689152904457
22,0.309437610090075,-0.5774667377002618
23,0.2645464064296069,0.39168605029327097
24,0.7526183579234005,2.259176239174789
25,0.9324096558001513,0.25086293588139497
26,0.7211566060853613,0.5355951001309323
27,0.43093333958186586,0.9624854417623516
28,0.4430673400063437,1.2378868427994116
29,0.2791383583388809,0.7166933924867149
30,0.3210082782762724,0.09683787735222138
31,0.1574008913399369,0.9953276861979823
32,0.9038366196000438,0.7306726565116985
33,0.9539284084704717,2.9631772653064417
34,0.36771784771178867,-0.8466334448857626
35,0.9078027317777173,1.5533027640289097
36,0.32236702577252474,2.206057204788056
37,0.4292162610990383,0.23522212846430057
38,0.3811225081186417,1.397131297224818
39,0.6544175924401345,0.3810743921149198
40,0.24230240260930824,2.2599931940837106
41,0.8798430083444141,0.34076812054520267
42,0.6592888583427085,1.800031479395404
43,0.435543528871103,0.5197050262085703
44,0.5470428769553263,1.3150232887558915
45,0.36293653617499744,1.0012671005180205
46,0.8465058820420558,-0.11134188408019297
47,0.8233764040227392,1.650894181156996
48,0.14834047700657274,1.6800077113467125
49,0.5534422278208193,0.051694800223789916
