,_difficulties,_discrimination
0,0.09307938827244851,1.3523742991441359
1,0.9356487352677186,0.1686385914666586
2,0.1519842118603758,2.5456213706279125
3,0.27330517896082634,2.0616300610075653
4,0.5064698271494527,0.150178631365529
5,0.4940320231527895,-0.20343920715449926
6,0.9376376438792472,-0.07022822009107821
7,0.9852563164811224,1.1017272653508066
8,0.15822541977146604,-0.5722610909584489
9,0.6163472515711352,1.388992829224679
10,0.5305513488201526,0.16524993892341655
11,0.5443428022998369,-0.1757035772530715
12,0.5067009085049626,-0.4856415804092462
13,0.7597139754026642,0.5269210293783615
14,0.9484118660222478,-1.2047045550541085
15,0.7923115615346604,0.9366472046647568
16,0.6845402981509705,-0.4238404885290008
17,0.6023742472872153,0.584510088161525
18,0.527306013208821,2.512298943196998
19,0.23273027000759797,1.3692310082896753
20,0.8428067074587107,1.6381649870906698
21,0.11425337740184635,1.3551871936859556
22,0.5376839463929075,1.4735703123273005
23,0.9735398120093803,0.27386774544888004
24,0.005985646742731818,1.5620527870126026
25,0.9196416107041736,1.4062966001360024
26,0.4464919137996175,0.1260401604443543
27,0.8749986255792219,0.4075747331089127
28,0.6710200775576781,2.019548440842488
29,0.9252766885803421,0.7858332277803318
30,0.5777211122694218,1.277887192805855
31,0.08879366215249143,-0.056184827289322614
32,0.5065152996553455,2.0990485693805896
33,0.5514975948801918,1.4502659232999542
34,0.3505794396711305,-0.41876033660668655
35,0.9115418168843062,0.42922938670595834
36,0.9208316576374346,2.0046399762540577
37,0.2695732556119371,-0.5403964458670789
38,0.8712847808354978,0.29911590988508907
39,0.9030321857055665,0.17229500360749928
40,0.17261610168951386,1.0379487699181733
41,0.6407820221870847,2.1142354466995306
42,0.21412617451139698,1.1665280603420012
43,0.3783780595055434,-0.5396890853491241
44,0.5166060079376996,1.0502247488043452
45,0.34702164967481053,1.5108956261923416
46,0.26981071872174234,-0.4091851284915482
47,0.49840705346217684,1.3038029199693626
48,0.4393475871470152,2.310948062672389
49,0.0708873853852308,1.9035747206190208
