,_difficulties,_discrimination
0,0.6648618220579334,0.9909372671736035
1,0.5554877670623565,0.4874236801476658
2,0.3544065573848802,1.1286496431036566
3,0.9707388867360479,-0.1323858854839104
4,0.69551980451383,1.801649862866352
5,0.4015955900020857,2.1474826621253627
6,0.475578311216897,-0.2995328372930548
7,0.8662667204270235,-0.13673685925033996
8,0.9648301382493749,-0.3589371088582314
9,0.03502608016874208,0.5716977867874584
10,0.9175065896468879,2.7624252643916067
11,0.12805535326880324,1.6052648201791024
12,0.9895643688182937,0.8493868361342133
13,0.8125902448470358,2.220433186635648
14,0.4946308728284051,1.8163679045787782
15,0.3261764358868882,-0.36067991774565455
16,0.16558445599278526,1.4382121712982958
17,0.8954190589282001,-1.002019167902401
18,0.9231449111426614,1.719363363258749
19,0.45664467486213034,-0.9292418433615932
20,0.4468845171324704,0.9014622079144671
21,0.4864577361289772,1.5187643138376363
22,0.19296516581337492,0.5630010199435094
23,0.7523591807078079,1.8310772136422577
24,0.3062301901900746,1.8501967876963517
25,0.6736953582433027,0.44649968527137207
26,0.9624905547334626,1.0489213445953371
27,0.049826042035844,1.0880674079350174
28,0.7762627193731004,0.084572782329564
29,0.025556967944801716,3.207235150556325
30,0.37599729725078246,1.1990239249780723
31,0.05342748260486436,0.5056765828824015
32,0.29494342424956105,0.2647608708941519
33,0.9285611232979639,0.636009374245399
34,0.39002692406538114,1.8902871520532183
35,0.5104038677081961,1.7339346945957146
36,0.7099567098371216,2.1693468474738187
37,0.7162058221461023,2.3213851516321204
38,0.8525823530948221,-2.6587490334822554
39,0.48326442702323014,1.743411334071383
40,0.16928420660845533,0.5561612139707919
41,0.7759358524596959,1.3777200354219448
42,0.1880600444626215,0.511080169595826
43,0.019652855328396397,0.3512383127573311
44,0.25858414370954524,2.2810661583884766
45,0.7915024790971138,0.5142475595715044
46,0.08116564264418813,2.0042523932205594
47,0.803290631501931,1.8348152681542966
48,0.026551386959551847,2.95814550365981
49,0.0492017468315996,0.681850007369925
