,_difficulties,_discrimination
0,0.5614177939592125,0.35102693587905653
1,0.9869027234075821,2.2002161870906045
2,0.5321860421140794,1.4094348460858417
3,0.2748051571379729,2.3840250615237304
4,0.7358942307926272,-0.06622744053189056
5,0.3152087873089732,0.6018514227824538
6,0.08313084063884944,2.5422911802137707
7,0.39172014388837423,0.2386541789950981
8,0.09595816534264584,0.5661382319814038
9,0.2084048530239626,-0.21807798880737095
10,0.4406917132860009,1.905715814634026
11,0.8650441478366822,0.7515369599295193
12,0.46769498774573737,0.1872071615473352
13,0.4065321937415068,0.6113680474781586
14,0.9390026833856728,1.3577347261169839
15,0.21978229545077013,2.101766800256084
16,0.8103700676186699,3.2387153405196654
17,0.007417374604269854,2.0692030254978038
18,0.23431522034479593,0.7340760601982619
19,0.9346974035679704,1.1277987469233275
20,0.7183487517751235,0.5006305124862649
21,0.9529735084056632,1.5566850467945907
22,0.163603906096319,0.2359935176113701
23,0.1478820095110472,4.4157451493026585
24,0.597443803772218,-0.25631591721506
25,0.2626962197942127,1.5275650443356583
26,0.8224447353558542,-1.322150936346835
27,0.04526027074951186,2.1923426655002545
28,0.9637209363214334,3.4540225331484797
29,0.2982008508534398,1.837777812927241
30,0.6436071974683986,-0.35422480824765934
31,0.6270394242108807,0.5613706260973588
32,0.9966249681912321,2.4247107070555707
33,0.19932241274737492,2.180515402194668
34,0.7299390376646522,0.5154260177399224
35,0.46982129849359955,0.9580257581173568
36,0.908353574651995,0.9931177245656617
37,0.1500225936162175,0.19676714915462723
38,0.08742517406484317,0.4496031620269766
39,0.08014100207394276,0.1913010948473608
40,0.7583680943712132,0.299198684533138
41,0.3040159746007317,1.5914698939517415
42,0.3994867669991427,0.5288308072998504
43,0.47526538785749745,0.2375529679581918
44,0.40474744737796925,1.7163151107490964
45,0.7325798197957049,1.6928535243470337
46,0.45708377813402074,1.0376815975359477
47,0.5896749475477808,1.0039110023183637
48,0.5744454735169366,0.4432114126193699
49,0.31006288612304117,2.1900388448480426
