,_difficulties,_discrimination
0,0.2118226419012634,2.1466359555364907
1,0.45456714454688607,0.6556680319500441
2,0.8250915194844708,2.264179584393948
3,0.05458111765198068,2.24521131886303
4,0.6986523826702269,1.4402879505282666
5,0.6930950728707097,1.885268361041433
6,0.47899919196934826,-0.18443807820062363
7,0.8380675098962576,1.9606303094789614
8,0.7078578473651412,1.0437031410330637
9,0.48923268819404286,0.9906774161713373
10,0.2831936964010917,-0.9136661981091634
11,0.8070044390309685,0.3423134261376576
12,0.7946449895837576,0.920569528885701
13,0.8521125955460578,3.103719679801453
14,0.35144204838476084,1.158340883586646
15,0.2899377912367902,-0.14583475760046682
16,0.7466310891906349,2.749929812391514
17,0.6329082125387627,2.567265397830798
18,0.5613567205168728,2.416441626276468
19,0.941659270586123,-0.38731907053722403
20,0.4030373565813325,3.3033325883039195
21,0.06069502673399925,0.7572281816475568
22,0.1285734373256074,2.57809362800126
23,0.6217497651711473,0.13619598066860905
24,0.32611014022605717,3.506311827324028
25,0.2718115796296807,0.9776963928551877
26,0.858778558246531,1.8235114707241753
27,0.21598854800247635,0.9897221805865479
28,0.11753257981568845,0.8291386153382366
29,0.0030805060076172794,1.6133842742253504
30,0.9282439460840188,3.511994840142513
31,0.7385116043338078,0.9742926487345295
32,0.6138008330926894,0.872468585097826
33,0.46409227643433604,-0.8593064363650014
34,0.4309245891821759,2.4334726192081453
35,0.12297590034471577,0.4287953615419555
36,0.5802826603698933,2.1575151921421005
37,0.7467368826266956,2.237968588603248
38,0.8005941551422604,2.521500656196323
39,0.34482127346997604,2.499646501530256
40,0.5308761003914392,0.5858088208570444
41,0.6495883204285611,2.4757251986514186
42,0.3893571365406454,2.701187295311521
43,0.8883282784670044,-0.1985161694939095
44,0.8689073480172912,1.6762470216710108
45,0.2939242435412361,0.026020312106862953
46,0.8496244258710712,0.2529077204630992
47,0.13650229700353156,1.8791111467753567
48,0.3096835987438576,2.539027737583588
49,0.19018820298810976,0.8354037205625893
