,_difficulties,_discrimination
0,0.4644070435415825,1.1615972888593564
1,0.10465447483884008,2.601072014561226
2,0.5456269453828582,0.4237010197596972
3,0.6541253752451628,0.39962590491282646
4,0.8338323358311459,1.6683061731608695
5,0.7599740314069785,-0.34491852566625236
6,0.051065714464149856,-0.5108100032572593
7,0.48620622512598183,1.5756407124930698
8,0.7089111014235883,1.7057769423788893
9,0.04872452078584003,0.9085117055704885
10,0.7413639008115712,1.8545500336977137
11,0.6551689581667106,1.9184360892429988
12,0.8639864600377299,-0.23945289890032329
13,0.8417689098098684,1.194526523199373
14,0.7913567960681711,1.1969834523683396
15,0.36833126995494825,0.9586598662656001
16,0.038761012843622066,1.9294998310711278
17,0.011141456723580554,1.2353030416460657
18,0.62584260732446,0.4465112376418311
19,0.3786100077386628,0.9900775384179862
20,0.549406351268193,0.736584505394043
21,0.947495262258676,0.39347207369006376
22,0.0894405561801613,1.0603905501270947
23,0.9553017644075853,2.3787443069304683
24,0.6254607309307768,2.235707720707551
25,0.827408584613238,1.5820992483892047
26,0.19248369172535337,0.4744530721562097
27,0.9727025737453904,1.178824345691574
28,0.8744856792483534,0.9088200370508188
29,0.297295873245747,-2.5613456470548672
30,0.5209863002083231,1.0973235607189207
31,0.7928748199069567,2.021402966728444
32,0.42591086688049196,1.4025096127925165
33,0.9565785499491543,-0.42009285630058857
34,0.7924866266872141,2.7542655179000697
35,0.1881962982604999,1.2962342661114055
36,0.5010083584242361,1.2016224256370114
37,0.455600431033926,1.3724126408465436
38,0.4375034853764915,0.2518089483979853
39,0.21436793813427082,0.9790342810866814
40,0.050749567426327975,0.5091088383775111
41,0.036495765942944576,1.6072745967344406
42,0.5356194106028007,2.808731106324845
43,0.9465560075631405,2.16532560623398
44,0.2347459537401132,1.0922231588750526
45,0.4253102416811453,0.28296554395420515
46,0.3888876118304142,0.9871766710244161
47,0.9326931047937537,-0.7323195739021646
48,0.5793166757529994,0.8609235551721716
49,0.17709450935666157,-0.2270429464847492
