,_difficulties,_discrimination
0,0.05836075048145153,2.2662385998134233
1,0.8278398296224659,2.110722987778327
2,0.6834721829957222,0.5542809444979275
3,0.03448455249308104,1.4775817726608351
4,0.9472596989234094,1.211185627638583
5,0.5233271141524741,-0.9128098183284445
6,0.7832874762673919,-0.036494317652142616
7,0.939704182587773,0.3497070275901323
8,0.04464309840440188,1.0675933302782799
9,0.62809551822464,1.7416727735135573
10,0.31064188766324,0.4238983809222745
11,0.9127467723922277,-0.08301940333923574
12,0.6285515768274557,1.1545662375273642
13,0.4782426005813767,-0.7501503966834504
14,0.8634232180861715,-0.004251388494922459
15,0.1816653636598739,1.010627876692186
16,0.8710958361792598,1.2482463892708107
17,0.6716168151922128,1.33988541944633
18,0.03995275726768066,0.153481106822565
19,0.5133627399279677,0.5027529665395186
20,0.7692399768793076,0.8651053473437023
21,0.639766127738441,2.026765164987244
22,0.22027361526972522,1.484663278238408
23,0.7728290712732588,-0.6333280810199191
24,0.9476038911068326,2.3910375511099153
25,0.48043727557117255,1.1140410506381615
26,0.9270128481491522,0.8037027151171283
27,0.5524401364595302,1.2197638662686132
28,0.5632329728381551,1.1685482943339243
29,0.6311331781655961,0.25865757418710944
30,0.2527788653707226,0.8207043609791438
31,0.5698528260229153,0.8398953752060166
32,0.16873824135655696,0.12650422399163208
33,0.20724642342751556,1.4276905313192196
34,0.4601306214833749,-0.5827941927430682
35,0.18677170650866043,1.489157652215525
36,0.21390730292973675,1.2193798940637137
37,0.3237975498826462,1.07553579885825
38,0.0999244227840967,2.378781770740199
39,0.00887614791087917,1.6039239730762271
40,0.7726589198203763,1.8638157784959888
41,0.6176208012955926,2.5394698914716063
42,0.05929619439556898,2.1443878677851678
43,0.9082667957605168,0.616799711141359
44,0.14869363993345228,3.1419189615782943
45,0.07703275452147734,0.6649992883293544
46,0.34634169014552096,2.731851167935363
47,0.1928362578331129,1.3574476600635652
48,0.7009705070807007,0.20471590873681988
49,0.8952271694294305,1.090889858362692
