,_difficulties,_discrimination
0,0.6425908567652607,1.3014911471433182
1,0.20325199594247706,2.0097165346113233
2,0.5339183647787621,0.29364670427842665
3,0.20555573624031429,2.5105184502275515
4,0.7667225244003015,0.147628035253202
5,0.7785032574589398,0.16589764156023112
6,0.330452488941438,2.241447126137037
7,0.46643518000263695,2.2896845791776634
8,0.32599311087173505,-0.1295187006644003
9,0.6208296835675273,0.536819724911162
10,0.663050028337243,2.067749916762266
11,0.05495345666843464,1.9328152368388136
12,0.3691640015670354,0.1415544058819882
13,0.33958600754200974,1.118699121399682
14,0.885939290167617,1.5008063789109478
15,0.03783231561786422,0.5397344292457702
16,0.881916911978946,0.3544656520915135
17,0.8181803647250538,1.2248869050979228
18,0.287557335332098,-0.319100939096314
19,0.18326498147938927,0.4219560881093174
20,0.6075311175171384,0.12069271516388047
21,0.7656059411128191,1.1466699318969913
22,0.5732230273807369,0.941620969110515
23,0.27693067558766626,-1.216816482605032
24,0.36668767964837207,-2.084440901408186
25,0.014512860835946172,1.1830834733766626
26,0.282362904810816,1.3043227754920774
27,0.216366882737333,0.04303069505561896
28,0.9365706517885903,0.9721604425636949
29,0.39787688834901946,1.3133831748265705
30,0.06731034240492555,-0.3527805116370213
31,0.7335121433792803,1.6398604861247068
32,0.7138228506057317,-1.0945523590408324
33,0.7994594944427023,1.8168445941576965
34,0.7844257654242297,1.013726739758619
35,0.4543946489694842,1.5351427178820742
36,0.3431730222273307,2.0940280796460713
37,0.07971357461124491,1.6121973236132745
38,0.8192693525925657,1.1159460202560982
39,0.36207470098947536,-0.10833371459193653
40,0.07590883616345871,0.8443919645542333
41,0.8104883570192469,-0.543636509327589
42,0.2214108248202268,1.5851916255989895
43,0.15483573473535736,1.8819435075190576
44,0.6219453045948714,0.7739201528374636
45,0.11616895846364036,-0.4077576931414595
46,0.029658363179709466,0.9066420994766988
47,0.14448378681862256,1.0815098966034604
48,0.28407903558107417,1.7257524427890425
49,0.4599990637091221,-1.0354772391178777
