,_difficulties,_discrimination
0,0.24697763278119536,1.075423716270399
1,0.4188547657976186,1.2602325003877328
2,0.41008259066260677,0.15561568593070074
3,0.7456402685792882,1.4463564673108182
4,0.377747596146453,0.8544504888958676
5,0.5401082309089632,1.6053151773887524
6,0.033760879201268426,0.8253568202398056
7,0.9401900760832895,1.2449630905289721
8,0.20964520570779888,1.8390938599312274
9,0.3888412546274144,0.8709953215127316
10,0.08579445249521317,1.0601139222231368
11,0.9687895040909446,1.3365934833471214
12,0.22670473179254838,1.4199913189203668
13,0.36656589737993733,1.2596528290633278
14,0.08598824967291877,1.5216480332751612
15,0.0069373514582728385,-0.20609114735198597
16,0.49148946681638694,0.4974537031110119
17,0.34364105090960745,0.8572243925937275
18,0.7811219152681307,0.5368570628691511
19,0.8570520162462103,1.1556075038489455
20,0.4972971158563269,1.866547281124343
21,0.2575582801817464,1.4003081505299824
22,0.4478742035644716,-0.5111260744401476
23,0.22735853986739557,0.40933515359484596
24,0.330775608158553,0.6271086679068725
25,0.9087895360640179,-0.018366226457565915
26,0.8891722052257646,2.4651040922823206
27,0.28965467582101234,0.5548193537536603
28,0.11137177886427452,0.7815525823095877
29,0.2238615226546027,1.0379242589291644
30,0.6659266816508534,1.9842987233368259
31,0.0864187014619788,0.512375560292589
32,0.5193997087092139,0.3389273346802636
33,0.008500953397372384,2.2518427914233285
34,0.2563182671608314,0.13800352744132793
35,0.8927617636404739,1.0912269385810407
36,0.8528119149428798,-1.466951475401455
37,0.7668456083714471,-0.7289961592052749
38,0.6996190285212532,2.8377720769445594
39,0.052507145707175386,0.9772807108294923
40,0.41734414507172135,-0.7304236591618847
41,0.25687283161312613,0.7510353762967452
42,0.5085880933788004,2.0030762258448327
43,0.2908138225400244,2.1275992117970572
44,0.7434456593833105,1.4733708482588797
45,0.25338981134466143,1.6211850481600936
46,0.7987507105359554,2.1977880710971536
47,0.019317728551537947,0.3123026745495894
48,0.38013321651959103,2.3166585160414557
49,0.07610285542122174,0.05015189845505885
