,_difficulties,_discrimination
0,0.06569561599481843,0.8056406200734915
1,0.001937949728116199,1.4495038313255875
2,0.29861696965893936,1.2819826763457507
3,0.9273267120393625,0.876111186636894
4,0.4425957222908103,1.1790084070652591
5,0.36130804270452854,0.6865249327998255
6,0.6423146011598201,-1.17145804173155
7,0.8541100665043306,-1.3507891977555246
8,0.8480166177473245,-1.2270146673564302
9,0.4731708184207229,1.5177521258789994
10,0.3139359250396843,1.5914754052275266
11,0.7779260742823968,-0.7979543767908412
12,0.4723201517929293,1.0897175707619868
13,0.18368582920767645,1.6903135382208831
14,0.08240429827221198,1.495375082702784
15,0.12401052160165993,1.0094022595919092
16,0.7234059574411338,-0.5985435388031306
17,0.8248720295721662,0.23161245489840043
18,0.4459577760120793,2.8794520572626836
19,0.40843908949088953,0.9806489024533351
20,0.6977754861036399,1.8447562357595735
21,0.5387618924790324,1.610332282042481
22,0.7366592743122895,0.6354644626037547
23,0.35360331153825275,0.5800449038049735
24,0.4175800167561453,1.452179432466705
25,0.6035811483941252,2.229611138080554
26,0.8436818575169835,2.012959803048788
27,0.28798001402017664,-0.016134407495400627
28,0.5953146335996463,0.09562100327165801
29,0.37141314123555935,0.7224827797113345
30,0.10879664280095508,-0.47533007619181755
31,0.9153429194131452,1.3717460608235221
32,0.8597664017038793,2.1952878799997104
33,0.2247053042571828,0.24960160460947434
34,0.486277670925696,-0.2093413641473112
35,0.774353300762881,1.2661377556556546
36,0.3381221615693644,2.1800357337005893
37,0.9012494041247883,0.6625134387376361
38,0.22258383158950007,1.1571637027158455
39,0.7017944613301348,2.694106192039083
40,0.6123584074022581,-0.6403921924270941
41,0.008373123040490336,1.7871336534119358
42,0.9235958685020158,0.7304498364041496
43,0.1169501598117801,1.3801142263016684
44,0.9031627208604873,0.12036740497643683
45,0.35831307922367084,2.8507407977918477
46,0.5354985946833168,-0.4617943817412056
47,0.3239706099409626,1.007792843482613
48,0.7636327529656018,1.0958953170632786
49,0.5295402582685957,0.18819929919452105
