,_difficulties,_discrimination
0,0.7182262200333309,0.23658493362182054
1,0.015971449568907194,2.7212921955750184
2,0.6303744363815866,2.2554084636850367
3,0.6566140811608662,1.865521303152943
4,0.6609180818753111,2.3162419622022044
5,0.7090050953570747,0.42438369873884485
6,0.8761114390415676,0.3783989193539776
7,0.8013296674658066,1.3266603429934116
8,0.6419933765816621,0.6464484794734451
9,0.4202754002770409,2.9288667099619987
10,0.18448273376221438,1.6991612849573574
11,0.051792191239873796,0.4179746333988299
12,0.28538279202719097,2.2040734084316496
13,0.2548155636407605,0.15202525164521807
14,0.036959544268375,1.9522129899340719
15,0.8800717392602172,0.31772505697098097
16,0.4234909312144607,1.074319392405656
17,0.9326697965466086,2.032332960390763
18,0.9443611903900777,-0.28555618460631327
19,0.35436957722661105,2.0594049156091456
20,0.4367007832198863,0.6469532024125004
21,0.4565516290881568,1.2374188715276027
22,0.1522187226113822,1.1027716926124318
23,0.9814049619804442,0.38788599241292987
24,0.19521405308578169,2.1516627603176435
25,0.532558997453048,0.6225732917565001
26,0.40332809839260125,0.2952149287765494
27,0.2500242532508375,1.057138972482576
28,0.9902374121020899,0.7060262024437114
29,0.22816506538903267,0.9793680754685959
30,0.6422533725206272,0.6161167308758435
31,0.8841028517852005,3.8863062119824074
32,0.99375000423592,0.5789135926881221
33,0.14512551605617116,-0.23267931776273265
34,0.2738118520370733,-0.18341969692525262
35,0.12686616152354802,-0.4635015549556034
36,0.22745223350785487,1.1420322663487008
37,0.5800278662469811,0.9002416497953263
38,0.03679922963898694,1.787118957528103
39,0.5657606753414505,0.04640479629300631
40,0.512418219321507,0.7260873609498204
41,0.752571102589855,-0.023570988397452197
42,0.49260320034719324,0.22310399966667693
43,0.09968979022799244,0.9505427692885641
44,0.012778278359516724,0.8829138067225177
45,0.9008929921604782,1.3126710639988035
46,0.4193305266263894,0.36819579198168984
47,0.6352623210481589,1.1793346219128793
48,0.7170869380360799,2.2585908930687078
49,0.7723771245367211,0.41600344309668
