,_difficulties,_discrimination
0,0.5312240280202671,-0.6098661435949215
1,0.20929781277770432,0.3457027559406596
2,0.6672942258528534,1.20012893541678
3,0.8332362691542136,0.939707409714089
4,0.7481445018583406,1.7193899512218378
5,0.3365343549061605,0.7161946575078064
6,0.18448122828104344,-0.2537844198092043
7,0.23540817731266328,2.341707281984156
8,0.01185218382856642,2.892100705041573
9,0.07954912931889366,0.0025761643246537957
10,0.5949670611843433,1.9784868343528328
11,0.5662155908939636,1.4731801391387012
12,0.48959186238892555,1.034891900649908
13,0.7518878794436544,0.5470053275754654
14,0.998317142947989,2.437922254355625
15,0.42576328574007577,1.4225052465905708
16,0.4225604377224535,-0.4321559549952072
17,0.11321334239100199,1.460896080788752
18,0.6252265381154262,0.0705145725606624
19,0.5056359557989273,1.9066020520247513
20,0.1391552488072689,2.1475033670732406
21,0.5587404893401383,0.8782532467037956
22,0.566801314728565,1.6797795066829295
23,0.6665299560020685,0.3177422506436349
24,0.9364475420664764,-0.568347098128386
25,0.8130090148478384,-0.02229769082644717
26,0.10221269224085316,2.2660374886019463
27,0.17744965293457088,1.9448939768453544
28,0.16217088144271116,0.33530706541770183
29,0.996839673953997,0.8727852331651829
30,0.781255768096266,1.7422603559671643
31,0.4464128459958588,3.1689717428859754
32,0.25272460764838084,1.2196716075491862
33,0.0056304897654979105,1.7084386687158655
34,0.043662693428788604,2.2120686416830644
35,0.2135323027443217,2.6160321940558036
36,0.03349332732306033,2.1563662244871313
37,0.7494129773073595,2.3292543459843813
38,0.9628338451711979,0.9924158747100124
39,0.4220505971535322,2.7887317201141633
40,0.7273514140931658,1.0926518133354848
41,0.19280259665653074,1.2485687362422002
42,0.41443985083387946,1.5769690882684277
43,0.8094432801549732,0.4208309911522464
44,0.14224733609947823,-0.14093317173897923
45,0.9786455603991864,0.1415370981960492
46,0.07263437220665397,-0.1825617870447549
47,0.8923469436572486,1.963269596379751
48,0.29974819088409316,-0.3124826437868218
49,0.9289730806378134,2.006792362634859
