,_difficulties,_discrimination
0,0.43199318442555323,0.5618326201713182
1,0.2534722639371898,3.085046914540431
2,0.8844656432020654,0.26201399590551433
3,0.7541072033192836,0.1487755139375656
4,0.9094682129037519,0.7276355697139291
5,0.4656614116125587,3.2609264239920135
6,0.19427506653000723,1.6108742411281551
7,0.32413921991296935,-0.887772237235946
8,0.49232821241547076,1.0323085866761532
9,0.989820871328467,2.138291542372015
10,0.8382801531131134,2.2878880233747276
11,0.7400203712064332,2.121064598278728
12,0.250021037642916,0.35871763105718657
13,0.1580412291516316,1.4989274320331432
14,0.589435276366561,0.12746423236574667
15,0.7594990297963893,2.3329987103625305
16,0.6839826674344806,0.16911702798118633
17,0.8072395975259946,1.1338378369335136
18,0.8764992461472654,-0.5714919248100538
19,0.6481267482327888,1.2065304594862565
20,0.46217009203996595,1.5253722201256092
21,0.5826983927595965,1.6397312122751289
22,0.5029744251556096,1.006195517478805
23,0.43636237375863396,1.870671131392304
24,0.16785163018875668,0.36009634365571974
25,0.033147074273915354,1.3819832546585409
26,0.8949500445916355,0.08078777297325124
27,0.501510911856711,-1.1018558580491478
28,0.4579229368806819,2.5896947620529795
29,0.6676322257766828,1.0029564155625683
30,0.84353634919028,1.0330583045030006
31,0.26796882043165643,2.1872005854991095
32,0.8186403832806858,0.41017791375352697
33,0.4956128204020117,0.8689594162428086
34,0.5491269349552345,-0.24654656775243367
35,0.11920648209606796,1.6686653901370985
36,0.7303320903245126,1.6965767921403068
37,0.8248346671811603,1.5476769822047431
38,0.6437460626367961,0.2541370672595671
39,0.7293171864430682,2.638892135748486
40,0.9634937289394063,1.3443667609107086
41,0.9314570739355219,1.8027793945290864
42,0.20971376843392567,0.7588290354396003
43,0.3972134957569823,-0.03425708656166426
44,0.6700675127432045,2.180738441994908
45,0.7862469461236576,0.934129280174088
46,0.25572048241208645,0.9609402842503215
47,0.26999237724814235,0.15651997127666184
48,0.3492134955693844,1.9573749659082706
49,0.8346422049446717,0.15757428041710209
