,_difficulties,_discrimination
0,0.053890080904056704,0.8808340993717916
1,0.2798347601114986,2.016336996771603
2,0.10749435494745567,1.0790822607824804
3,0.0042826296541524,0.22333344458604
4,0.415909041083252,2.2782088915131338
5,0.7641065946624204,0.274356059285528
6,0.7713646214215136,1.4700316652636276
7,0.7810569308043578,1.349918366036644
8,0.33072109340312805,1.4011565866866735
9,0.2471740527032799,0.9074644010802195
10,0.3130280794915795,0.38743396923964346
11,0.10620980459872367,2.0611377294517146
12,0.18236822611915357,0.5373731156805874
13,0.47790991812351696,0.16520530512061415
14,0.42229637422965477,1.613393738640243
15,0.3623578802507166,0.5273023231258577
16,0.5751727209796489,1.298120825111313
17,0.4499310818477122,0.31244546007793483
18,0.30929719240577885,1.7557774803360369
19,0.5985834323557858,1.242855453818079
20,0.0016389071472289283,1.319535270045625
21,0.867851302754976,0.841293819392523
22,0.5063900452811252,2.6914358214859
23,0.5962497325503978,1.9910878055098502
24,0.03041011272859359,0.12452103332489972
25,0.6181246497622008,1.6483652538902784
26,0.002144103777621635,-0.692219509916078
27,0.47337551670870737,-0.2791615135150882
28,0.874989825611942,0.7856279248755514
29,0.5368309806597384,0.3552280000235605
30,0.9864777918386045,1.8770340789004525
31,0.4357313544697439,2.09052519361708
32,0.595287473106015,0.5999163005799242
33,0.01958725157022199,0.6578345565572887
34,0.15297253126921662,0.8583738376921581
35,0.7422319725176822,0.9443940723076227
36,0.6395850775387868,0.00026301266482653407
37,0.2833042020574132,0.9069423589676023
38,0.5925426529621625,1.2823411487047947
39,0.11000934016059459,1.7203533176000196
40,0.8247574122375019,0.38981681720391725
41,0.7416585307878248,2.646661491649658
42,0.03391099505049319,1.3897335604559644
43,0.4086991186798879,1.6715353224313103
44,0.5763764223812498,-0.08126217291431792
45,0.3099814753912301,2.76593290252433
46,0.9689290648091206,1.093241949288602
47,0.46145757040187385,1.7489195951801688
48,0.255488564618461,1.3037801459426552
49,0.2134614461137022,0.46910532704734076
