,_difficulties,_discrimination
0,0.8102919260946252,3.1313043378725824
1,0.7262036040349897,-0.7918375254052052
2,0.8179162083908076,0.2925313512899207
3,0.2399727277450132,1.0905524424962643
4,0.6121834180145057,0.9539982562781351
5,0.7072768597182831,1.2823818654869872
6,0.9768221063401207,0.18793538871484672
7,0.9832350858024899,1.149018891964196
8,0.06620140120637093,0.3262191309075565
9,0.42443283628123735,1.5685959382110006
10,0.16031406392195807,0.3655146944879918
11,0.2931276385734569,2.2705119383520587
12,0.29487436335220424,0.6730715812190886
13,0.7073555209701649,0.7440553418226519
14,0.8735541435163854,-0.4460023321309934
15,0.8223915208776802,1.2255210324027392
16,0.28954619713734553,2.795348473421717
17,0.9821832785861108,1.03541106317176
18,0.36315415808133195,0.9206484663739113
19,0.9492584755733935,0.4108762779487435
20,0.0580662193452005,0.8761050619992112
21,0.2970445962993603,0.42687291550421325
22,0.028843541050570007,3.212662854775619
23,0.9343468010238488,0.5138261217275072
24,0.9863000534118161,0.053044382683404945
25,0.06295867845490438,1.8890943478569973
26,0.8024358147912518,0.9759651717374556
27,0.9383028115197333,-0.21153537774949105
28,0.14690580754832092,0.3167407342446852
29,0.9391909809934768,-0.29206650281402213
30,0.6296420830633792,0.7323297017013048
31,0.25218183081220547,2.0075116763549823
32,0.301590639771371,1.0119854459531565
33,0.1816748146903187,-0.8764187027339605
34,0.9727559996743951,0.7296446805532419
35,0.7679430138211194,-1.284221667945626
36,0.39791785932617313,0.6795762402593616
37,0.26459617600877333,1.287297481414478
38,0.7999287097910026,0.8506025987243537
39,0.1272981137950994,0.9023397629362071
40,0.15009158953421423,0.5011054863335744
41,0.41758428126624897,1.0488673128355301
42,0.40927517447136325,0.2469871292624335
43,0.1924133391653661,1.2740921146632116
44,0.14366281631196465,0.39563585782766264
45,0.7716045287090634,0.9821377253336292
46,0.7338781110925898,-0.12146953671575123
47,0.39981155076091074,-0.5784767033744531
48,0.4930677539723898,1.7037804910775378
49,0.6174546398574049,3.002789101590882
