,_difficulties,_discrimination
0,0.9739510611519402,0.11758447258845695
1,0.9582302007821493,1.530517087107731
2,0.2696396195414567,0.8578173450490465
3,0.3692097177773965,-0.6222636865478828
4,0.7161594187309485,1.846571912107157
5,0.3641863285831859,0.8438759087195034
6,0.27834638454500643,-1.1470317102924295
7,0.9708476487614811,1.5898343859588755
8,0.9718887718443576,1.1974190170132066
9,0.3253213275256957,2.470037681205522
10,0.23212836873193254,2.698579284469268
11,0.3338856357737857,1.58635925376108
12,0.3850011038813607,1.6508876874664278
13,0.196386293916533,0.07504890687932741
14,0.7495409686216512,2.4081223268335368
15,0.6118350136061466,-0.16786822526617806
16,0.5381886884939594,1.887651121560075
17,0.05866291639058278,2.2478941031377238
18,0.7117805469846582,1.3351937423803237
19,0.7055953918433034,0.8134000006621196
20,0.21183095129645546,-0.05856715426731163
21,0.8341523065123213,1.3371058748891351
22,0.9466774578317122,0.12427995239364298
23,0.5607676769334076,0.2193913738387635
24,0.2460222798276275,-0.3144972367172083
25,0.6588534040919765,1.8512892603377087
26,0.8019134538015734,1.0254841859210537
27,0.941709277635828,1.5421718284074073
28,0.8084360305468523,1.2071160153409353
29,0.6366809468225668,1.2110319678750148
30,0.3332086863676228,1.0731836838043378
31,0.80249100783974,1.6626318328600824
32,0.9441856850973643,1.6062204620209382
33,0.7082370633274444,1.5272972534861642
34,0.4719396657796285,1.7690981630491915
35,0.9815503155306928,0.3721018019663471
36,0.6911809268155735,1.2191588256712071
37,0.07768484996287843,1.8996656309405597
38,0.35597278547003874,0.2826536585771796
39,0.617580591106076,1.5167645830587193
40,0.3690066477578788,0.8827724147006133
41,0.32015599646723847,1.3448112776511993
42,0.4189929843159216,1.0614899358664867
43,0.8034547407341646,1.1797671178319185
44,0.771821019066437,2.297473583199758
45,0.24314239655192194,2.713589043918077
46,0.7365239093492144,0.16693557563050632
47,0.39018630648645664,1.6011699124329606
48,0.4985384213717309,0.4421537449507553
49,0.13218325922403654,0.03243568049327061
