,_difficulties,_discrimination
0,0.8744791417744013,1.5979969714474458
1,0.46655027205107347,2.55555798606568
2,0.15346950843181129,0.8999654876020164
3,0.49094601436477414,-0.23285049750178488
4,0.14144423367863332,1.1906731470279273
5,0.2820856815258827,-0.8722779164072976
6,0.7562496537245614,1.7681861441979965
7,0.7364338183442041,-0.20394592847339132
8,0.539867983451644,0.5270093657665789
9,0.8700402408138118,1.9732124702980827
10,0.6728264187729888,0.18543379816339178
11,0.20416628902876488,0.13197773485532716
12,0.31450666194587834,1.3457704008489286
13,0.25584294169994937,0.9313301304737538
14,0.26219944192941297,1.2268110383883446
15,0.4447266730900124,0.7110124624338241
16,0.28826043117889066,1.6712292895753142
17,0.7757107395078641,0.4177830724807633
18,0.9904157481414484,0.88479800669261
19,0.23848448794381893,0.8012991720203401
20,0.901398321214619,3.1208236656057085
21,0.02934817496918351,1.163741294430289
22,0.858795781450611,0.34462243584980723
23,0.2738136366426501,1.7104171768578904
24,0.4736267788232158,0.7820258814521974
25,0.7126248774935182,-0.7363013861681522
26,0.33847622307248804,2.2730407282778997
27,0.255209780881851,1.5842629314138281
28,0.8740940921019873,2.0359532875962296
29,0.2435933196785221,0.8784259900935535
30,0.8810429077827271,0.8312103112539091
31,0.049222029935365515,0.9357072472950274
32,0.1102262526109085,0.4825868622472276
33,0.25151403085447605,1.5765032521446654
34,0.3909608653234348,0.7747905479851426
35,0.9605572142197494,1.5349589095161638
36,0.7415240841232204,0.46484238547913637
37,0.5683369789786076,1.9686582143871458
38,0.024622756602465042,-0.8201722774136002
39,0.5280406263668637,-1.7096380927790538
40,0.049616135884005416,1.2010549567437796
41,0.21380415421152815,1.5943021748908213
42,0.13870627343006814,0.46899094324622714
43,0.9672635926794958,-0.47302219550934077
44,0.1530146182263464,2.006215135315613
45,0.6555851944968342,1.3158294976252551
46,0.8274119178867113,2.490061279585168
47,0.9840160760047384,0.4880732782489391
48,0.07969853266170097,-0.3810843393029151
49,0.6470906782329044,2.2422004566437668
