,_difficulties,_discrimination
0,0.4808265706542749,1.9284546058868395
1,0.25308222128741986,2.081523203712024
2,0.9875932048817173,1.3611643233553854
3,0.28756683491663815,0.7713096044731145
4,0.9229208218370927,1.4784120573641297
5,0.5441050940322594,-0.011573325171561955
6,0.024673268764810526,0.5605426643894049
7,0.1070463569482619,0.8772035219097681
8,0.36611618554236836,0.5961966284850599
9,0.9540579592621484,-0.8228489239041059
10,0.2990577728627728,1.3277426375695844
11,0.12806982777576392,-0.534459774286008
12,0.06532373010613828,0.7030340217519739
13,0.5493336954445273,1.3694361736046556
14,0.9571904821783989,-0.006795899466691457
15,0.8641741958926207,3.4100320835957065
16,0.3183832684364959,0.7075206642172616
17,0.30369379423124887,0.5611970152165897
18,0.0007746557399499385,0.8447393949681373
19,0.007977219106435582,1.573926337716696
20,0.8621284658654099,0.739881177324968
21,0.49234506611378775,0.37952181979759025
22,0.43379747397682633,2.1986292021376626
23,0.43125610783991486,1.7486042046973451
24,0.18984772907378566,0.12469742427416575
25,0.19020742541303953,0.7884435107116002
26,0.8608695771804361,0.46216641193264074
27,0.7744034147278036,1.3484580067444512
28,0.6047233601381067,2.4419316859005624
29,0.6007467203258888,1.0822690352253195
30,0.03624239399309721,1.2481318991609986
31,0.3166315197597146,1.8873587499415059
32,0.5023586660148448,0.44402161312439903
33,0.46242144066666957,2.310501015516401
34,0.1038090969190338,1.497168553881461
35,0.9380897746796576,2.6841812621205867
36,0.6528527585802446,-0.40111146964897704
37,0.6212800124420588,1.2387041894018598
38,0.7450725240078455,-0.5249248778085256
39,0.03379065406696379,3.002062675043652
40,0.040590557899072545,0.14406391545889585
41,0.6008003979836326,0.8333798984140559
42,0.6631305572756584,1.2989231709278681
43,0.6981683558220181,1.9125056705078243
44,0.5728743187089445,0.5986817111053847
45,0.5456818406253896,0.4031262276051787
46,0.7482282732894843,0.3535692616026843
47,0.6978746989410507,1.0791822622792666
48,0.957606341791577,1.4881261986977008
49,0.5176489807263261,0.5683615252557226
