,_difficulties,_discrimination
0,0.8084114415019912,1.578227034861771
1,0.725533205328475,1.0295381618305546
2,0.9101347451099526,0.808096164824361
3,0.7016586683775552,0.5585507740205777
4,0.24187426239194165,-0.21308407406122165
5,0.9752738347556497,1.6750908278687326
6,0.80582390781038,1.9674548518688415
7,0.1009229875035058,0.7239112856685422
8,0.6088083101548071,0.8293977302891
9,0.5592682176289098,-0.5334539878256612
10,0.12140889887196747,3.0616643080478187
11,0.7217354086640458,1.6668378281627052
12,0.6990318740488077,2.1490789987080765
13,0.2423204721275441,1.7658448216149356
14,0.32906274656940404,2.076583290221141
15,0.7903867408600582,0.045405214699422713
16,0.12092847323455766,2.2640113664045027
17,0.11515353606490493,1.3744350748937744
18,0.889431955253733,-0.2744953074137806
19,0.41579463289153096,1.169001121759213
20,0.6505655162994877,-0.3060042152520819
21,0.13018114833019986,2.749126607658568
22,0.6910518380042447,3.0967664296759407
23,0.7615916454001431,0.6015804465018593
24,0.745589324333984,1.7189063099980277
25,0.9232559530931568,1.556255632784545
26,0.16968170654290995,3.975449044536492
27,0.8407174728699291,2.9050820372552186
28,0.6053757631987712,0.8037732841966333
29,0.13237287930658723,0.6656044895072748
30,0.9242856554389137,0.7438971250518338
31,0.1613766516336959,0.01069284746140342
32,0.21645197235673744,-0.723872996558478
33,0.432513976334828,1.5657436695400317
34,0.2594491003498003,2.12654787158003
35,0.5907683071691647,2.158838353838843
36,0.41161320454269745,-0.38811013137056727
37,0.4152691446714693,1.4769093167472154
38,0.9971682873071049,1.8721049467986406
39,0.7095824390259283,0.6952101766562597
40,0.8498821583670464,2.5946669843212913
41,0.6225645811417168,0.9899027498672102
42,0.7727972158871378,1.489606131303818
43,0.8878579235701219,1.185301789595869
44,0.20401705412140278,0.023728497457279674
45,0.3920628351000395,0.9322091437348589
46,0.9097477837916037,2.398547105556344
47,0.0706366511874788,0.6304944813768874
48,0.1280081676124778,1.4107067671019946
49,0.9733650244911258,2.653246915158013
